product_id,product_name,category,sub_category,brand,mrp,sale_price,discount_percent,rating,stock_qty
1,Fresh Fruits Product 1,Fruits & Vegetables,Fresh Fruits,Brand A,68.69,48.08,30,3.0,190
2,Fresh Fruits Product 2,Fruits & Vegetables,Fresh Fruits,Brand B,115.16,103.64,10,3.4,427
3,Fresh Fruits Product 3,Fruits & Vegetables,Fresh Fruits,Brand A,40.28,40.28,0,4.3,329
4,Fresh Fruits Product 4,Fruits & Vegetables,Fresh Fruits,Brand A,27.55,22.04,20,4.1,66
5,Fresh Fruits Product 5,Fruits & Vegetables,Fresh Fruits,Brand A,98.14,83.42,15,3.2,169
6,Fresh Fruits Product 6,Fruits & Vegetables,Fresh Fruits,Brand E,22.68,15.87,30,4.1,337
7,Fresh Fruits Product 7,Fruits & Vegetables,Fresh Fruits,Brand B,128.22,128.22,0,4.4,409
8,Fresh Fruits Product 8,Fruits & Vegetables,Fresh Fruits,Brand E,43.64,43.64,0,3.8,279
9,Fresh Fruits Product 9,Fruits & Vegetables,Fresh Fruits,Brand E,59.55,53.6,10,3.5,495
10,Fresh Fruits Product 10,Fruits & Vegetables,Fresh Fruits,Brand A,76.15,76.15,0,4.4,131
11,Fresh Fruits Product 11,Fruits & Vegetables,Fresh Fruits,Generic,99.54,99.54,0,3.8,192
12,Fresh Fruits Product 12,Fruits & Vegetables,Fresh Fruits,Brand B,57.98,55.08,5,3.4,440
13,Fresh Fruits Product 13,Fruits & Vegetables,Fresh Fruits,Brand C,79.29,67.4,15,3.2,244
14,Fresh Fruits Product 14,Fruits & Vegetables,Fresh Fruits,Brand A,45.96,41.36,10,3.7,226
15,Fresh Fruits Product 15,Fruits & Vegetables,Fresh Fruits,Brand E,97.01,97.01,0,3.5,72
16,Fresh Fruits Product 16,Fruits & Vegetables,Fresh Fruits,Generic,98.98,98.98,0,3.9,113
17,Fresh Fruits Product 17,Fruits & Vegetables,Fresh Fruits,Brand D,28.46,21.34,25,3.1,200
18,Fresh Fruits Product 18,Fruits & Vegetables,Fresh Fruits,Generic,145.53,116.43,20,4.2,491
19,Fresh Fruits Product 19,Fruits & Vegetables,Fresh Fruits,Brand C,59.6,59.6,0,4.1,410
20,Fresh Fruits Product 20,Fruits & Vegetables,Fresh Fruits,Brand A,108.95,103.5,5,3.1,166
21,Fresh Fruits Product 21,Fruits & Vegetables,Fresh Fruits,Brand C,35.86,34.07,5,4.9,487
22,Fresh Fruits Product 22,Fruits & Vegetables,Fresh Fruits,Brand B,24.47,18.35,25,4.6,244
23,Fresh Fruits Product 23,Fruits & Vegetables,Fresh Fruits,Brand C,53.64,45.6,15,3.9,477
24,Fresh Fruits Product 24,Fruits & Vegetables,Fresh Fruits,Brand C,60.52,54.47,10,3.3,231
25,Fresh Fruits Product 25,Fruits & Vegetables,Fresh Fruits,Brand B,91.07,91.07,0,4.3,409
26,Fresh Vegetables Product 1,Fruits & Vegetables,Fresh Vegetables,Generic,146.05,124.14,15,3.1,375
27,Fresh Vegetables Product 2,Fruits & Vegetables,Fresh Vegetables,Brand B,142.13,113.71,20,4.0,175
28,Fresh Vegetables Product 3,Fruits & Vegetables,Fresh Vegetables,Brand B,97.73,73.3,25,3.9,188
29,Fresh Vegetables Product 4,Fruits & Vegetables,Fresh Vegetables,Generic,31.5,31.5,0,4.3,162
30,Fresh Vegetables Product 5,Fruits & Vegetables,Fresh Vegetables,Generic,25.88,24.59,5,3.6,443
31,Fresh Vegetables Product 6,Fruits & Vegetables,Fresh Vegetables,Brand A,70.53,70.53,0,3.4,66
32,Fresh Vegetables Product 7,Fruits & Vegetables,Fresh Vegetables,Brand C,127.74,121.35,5,3.8,83
33,Fresh Vegetables Product 8,Fruits & Vegetables,Fresh Vegetables,Brand B,56.52,50.87,10,4.7,340
34,Fresh Vegetables Product 9,Fruits & Vegetables,Fresh Vegetables,Generic,38.32,30.66,20,3.6,385
35,Fresh Vegetables Product 10,Fruits & Vegetables,Fresh Vegetables,Brand D,29.69,20.78,30,3.8,379
36,Fresh Vegetables Product 11,Fruits & Vegetables,Fresh Vegetables,Brand D,120.39,120.39,0,3.3,121
37,Fresh Vegetables Product 12,Fruits & Vegetables,Fresh Vegetables,Brand B,20.72,16.57,20,4.4,325
38,Fresh Vegetables Product 13,Fruits & Vegetables,Fresh Vegetables,Brand C,111.89,95.11,15,4.4,269
39,Fresh Vegetables Product 14,Fruits & Vegetables,Fresh Vegetables,Brand E,120.27,120.27,0,3.8,162
40,Fresh Vegetables Product 15,Fruits & Vegetables,Fresh Vegetables,Brand B,66.6,66.6,0,4.0,96
41,Fresh Vegetables Product 16,Fruits & Vegetables,Fresh Vegetables,Brand A,132.2,118.98,10,4.6,128
42,Fresh Vegetables Product 17,Fruits & Vegetables,Fresh Vegetables,Generic,63.02,63.02,0,3.3,398
43,Fresh Vegetables Product 18,Fruits & Vegetables,Fresh Vegetables,Brand D,60.43,57.41,5,4.1,247
44,Fresh Vegetables Product 19,Fruits & Vegetables,Fresh Vegetables,Brand D,114.85,103.36,10,4.1,289
45,Fresh Vegetables Product 20,Fruits & Vegetables,Fresh Vegetables,Brand E,135.34,128.57,5,3.5,333
46,Fresh Vegetables Product 21,Fruits & Vegetables,Fresh Vegetables,Brand A,35.55,30.22,15,4.3,108
47,Fresh Vegetables Product 22,Fruits & Vegetables,Fresh Vegetables,Generic,118.9,107.01,10,4.7,434
48,Fresh Vegetables Product 23,Fruits & Vegetables,Fresh Vegetables,Brand C,120.23,114.21,5,4.5,224
49,Fresh Vegetables Product 24,Fruits & Vegetables,Fresh Vegetables,Brand A,87.96,83.56,5,3.6,130
50,Fresh Vegetables Product 25,Fruits & Vegetables,Fresh Vegetables,Brand D,23.3,23.3,0,3.0,419
51,Exotic Fruits & Veggies Product 1,Fruits & Vegetables,Exotic Fruits & Veggies,Brand E,24.09,21.68,10,4.4,309
52,Exotic Fruits & Veggies Product 2,Fruits & Vegetables,Exotic Fruits & Veggies,Brand A,60.87,54.78,10,4.7,202
53,Exotic Fruits & Veggies Product 3,Fruits & Vegetables,Exotic Fruits & Veggies,Generic,137.98,137.98,0,4.0,151
54,Exotic Fruits & Veggies Product 4,Fruits & Vegetables,Exotic Fruits & Veggies,Brand B,73.35,62.35,15,3.7,132
55,Exotic Fruits & Veggies Product 5,Fruits & Vegetables,Exotic Fruits & Veggies,Brand E,49.74,49.74,0,4.8,321
56,Exotic Fruits & Veggies Product 6,Fruits & Vegetables,Exotic Fruits & Veggies,Brand A,57.67,57.67,0,4.1,300
57,Exotic Fruits & Veggies Product 7,Fruits & Vegetables,Exotic Fruits & Veggies,Brand A,140.86,112.69,20,3.2,235
58,Exotic Fruits & Veggies Product 8,Fruits & Vegetables,Exotic Fruits & Veggies,Brand C,102.34,81.87,20,3.5,173
59,Exotic Fruits & Veggies Product 9,Fruits & Vegetables,Exotic Fruits & Veggies,Brand E,124.48,124.48,0,4.8,93
60,Exotic Fruits & Veggies Product 10,Fruits & Vegetables,Exotic Fruits & Veggies,Generic,136.03,122.43,10,3.9,85
61,Exotic Fruits & Veggies Product 11,Fruits & Vegetables,Exotic Fruits & Veggies,Brand E,124.97,99.97,20,4.5,115
62,Exotic Fruits & Veggies Product 12,Fruits & Vegetables,Exotic Fruits & Veggies,Generic,61.34,61.34,0,3.9,331
63,Exotic Fruits & Veggies Product 13,Fruits & Vegetables,Exotic Fruits & Veggies,Brand B,49.63,47.15,5,3.5,496
64,Exotic Fruits & Veggies Product 14,Fruits & Vegetables,Exotic Fruits & Veggies,Brand E,126.34,101.07,20,3.8,158
65,Exotic Fruits & Veggies Product 15,Fruits & Vegetables,Exotic Fruits & Veggies,Brand E,20.9,18.81,10,4.4,403
66,Exotic Fruits & Veggies Product 16,Fruits & Vegetables,Exotic Fruits & Veggies,Brand B,74.26,74.26,0,4.4,254
67,Exotic Fruits & Veggies Product 17,Fruits & Vegetables,Exotic Fruits & Veggies,Generic,35.58,33.8,5,4.2,274
68,Exotic Fruits & Veggies Product 18,Fruits & Vegetables,Exotic Fruits & Veggies,Brand E,142.58,135.45,5,3.9,176
69,Exotic Fruits & Veggies Product 19,Fruits & Vegetables,Exotic Fruits & Veggies,Brand B,87.44,74.33,15,3.1,60
70,Organic Produce Product 1,Fruits & Vegetables,Organic Produce,Brand E,67.27,47.09,30,3.4,162
71,Organic Produce Product 2,Fruits & Vegetables,Organic Produce,Brand A,145.12,145.12,0,3.1,373
72,Organic Produce Product 3,Fruits & Vegetables,Organic Produce,Brand A,84.64,80.41,5,3.4,66
73,Organic Produce Product 4,Fruits & Vegetables,Organic Produce,Brand C,57.03,57.03,0,3.1,171
74,Organic Produce Product 5,Fruits & Vegetables,Organic Produce,Brand C,99.24,89.32,10,4.3,159
75,Organic Produce Product 6,Fruits & Vegetables,Organic Produce,Brand E,26.69,26.69,0,3.3,342
76,Organic Produce Product 7,Fruits & Vegetables,Organic Produce,Brand E,138.07,138.07,0,3.9,451
77,Organic Produce Product 8,Fruits & Vegetables,Organic Produce,Brand D,38.84,36.89,5,4.5,147
78,Organic Produce Product 9,Fruits & Vegetables,Organic Produce,Brand A,148.13,148.13,0,3.2,270
79,Organic Produce Product 10,Fruits & Vegetables,Organic Produce,Brand C,107.38,91.27,15,3.8,289
80,Organic Produce Product 11,Fruits & Vegetables,Organic Produce,Generic,50.89,43.26,15,3.1,384
81,Organic Produce Product 12,Fruits & Vegetables,Organic Produce,Generic,67.81,61.03,10,3.2,256
82,Organic Produce Product 13,Fruits & Vegetables,Organic Produce,Generic,102.36,92.12,10,3.6,491
83,Organic Produce Product 14,Fruits & Vegetables,Organic Produce,Brand A,31.74,25.39,20,3.5,147
84,Organic Produce Product 15,Fruits & Vegetables,Organic Produce,Brand E,61.7,61.7,0,3.9,266
85,Organic Produce Product 16,Fruits & Vegetables,Organic Produce,Brand B,25.3,22.77,10,3.5,177
86,Organic Produce Product 17,Fruits & Vegetables,Organic Produce,Brand A,108.08,108.08,0,3.8,491
87,Organic Produce Product 18,Fruits & Vegetables,Organic Produce,Brand E,86.57,86.57,0,3.2,383
88,Organic Produce Product 19,Fruits & Vegetables,Organic Produce,Brand E,103.87,103.87,0,4.6,97
89,Organic Produce Product 20,Fruits & Vegetables,Organic Produce,Brand B,109.82,104.33,5,3.3,298
90,Organic Produce Product 21,Fruits & Vegetables,Organic Produce,Brand D,141.77,141.77,0,3.4,255
91,Organic Produce Product 22,Fruits & Vegetables,Organic Produce,Brand A,64.34,64.34,0,3.3,51
92,Organic Produce Product 23,Fruits & Vegetables,Organic Produce,Brand D,140.21,112.17,20,3.5,451
93,Organic Produce Product 24,Fruits & Vegetables,Organic Produce,Brand D,53.53,45.5,15,3.5,406
94,Rice & Rice Products Product 1,"Foodgrains, Oil & Masala",Rice & Rice Products,Generic,250.65,225.58,10,4.4,129
95,Rice & Rice Products Product 2,"Foodgrains, Oil & Masala",Rice & Rice Products,Brand B,173.01,173.01,0,3.6,79
96,Rice & Rice Products Product 3,"Foodgrains, Oil & Masala",Rice & Rice Products,Brand E,55.14,44.11,20,4.4,81
97,Rice & Rice Products Product 4,"Foodgrains, Oil & Masala",Rice & Rice Products,Generic,273.11,245.8,10,3.6,75
98,Rice & Rice Products Product 5,"Foodgrains, Oil & Masala",Rice & Rice Products,Brand E,121.54,115.46,5,3.9,486
99,Rice & Rice Products Product 6,"Foodgrains, Oil & Masala",Rice & Rice Products,Brand E,226.01,180.81,20,3.3,310
100,Rice & Rice Products Product 7,"Foodgrains, Oil & Masala",Rice & Rice Products,Brand A,269.51,229.09,15,4.6,85
101,Rice & Rice Products Product 8,"Foodgrains, Oil & Masala",Rice & Rice Products,Brand E,203.35,203.35,0,3.1,491
102,Rice & Rice Products Product 9,"Foodgrains, Oil & Masala",Rice & Rice Products,Brand B,73.64,58.91,20,3.8,341
103,Rice & Rice Products Product 10,"Foodgrains, Oil & Masala",Rice & Rice Products,Brand B,193.74,193.74,0,4.1,70
104,Rice & Rice Products Product 11,"Foodgrains, Oil & Masala",Rice & Rice Products,Brand E,57.4,48.79,15,3.2,386
105,Rice & Rice Products Product 12,"Foodgrains, Oil & Masala",Rice & Rice Products,Brand E,31.37,31.37,0,4.1,211
106,Rice & Rice Products Product 13,"Foodgrains, Oil & Masala",Rice & Rice Products,Brand C,178.16,151.43,15,3.4,416
107,Rice & Rice Products Product 14,"Foodgrains, Oil & Masala",Rice & Rice Products,Brand C,206.03,206.03,0,3.5,252
108,Rice & Rice Products Product 15,"Foodgrains, Oil & Masala",Rice & Rice Products,Brand B,222.29,222.29,0,4.3,203
109,Rice & Rice Products Product 16,"Foodgrains, Oil & Masala",Rice & Rice Products,Brand D,117.86,100.18,15,3.6,434
110,Rice & Rice Products Product 17,"Foodgrains, Oil & Masala",Rice & Rice Products,Brand A,205.4,164.32,20,3.0,368
111,Rice & Rice Products Product 18,"Foodgrains, Oil & Masala",Rice & Rice Products,Brand E,207.56,186.8,10,4.9,87
112,Rice & Rice Products Product 19,"Foodgrains, Oil & Masala",Rice & Rice Products,Brand E,55.29,52.53,5,3.4,185
113,Rice & Rice Products Product 20,"Foodgrains, Oil & Masala",Rice & Rice Products,Brand B,101.6,101.6,0,4.8,85
114,Rice & Rice Products Product 21,"Foodgrains, Oil & Masala",Rice & Rice Products,Brand B,292.71,278.08,5,3.7,130
115,Rice & Rice Products Product 22,"Foodgrains, Oil & Masala",Rice & Rice Products,Brand D,270.85,243.77,10,4.6,410
116,Rice & Rice Products Product 23,"Foodgrains, Oil & Masala",Rice & Rice Products,Brand C,244.6,220.14,10,4.2,463
117,Dals & Pulses Product 1,"Foodgrains, Oil & Masala",Dals & Pulses,Brand E,185.76,176.48,5,3.0,468
118,Dals & Pulses Product 2,"Foodgrains, Oil & Masala",Dals & Pulses,Brand E,82.72,70.31,15,3.6,389
119,Dals & Pulses Product 3,"Foodgrains, Oil & Masala",Dals & Pulses,Brand A,105.81,105.81,0,4.8,118
120,Dals & Pulses Product 4,"Foodgrains, Oil & Masala",Dals & Pulses,Brand C,204.28,204.28,0,3.2,104
121,Dals & Pulses Product 5,"Foodgrains, Oil & Masala",Dals & Pulses,Generic,283.92,198.75,30,4.1,189
122,Dals & Pulses Product 6,"Foodgrains, Oil & Masala",Dals & Pulses,Brand C,277.01,263.16,5,4.1,417
123,Dals & Pulses Product 7,"Foodgrains, Oil & Masala",Dals & Pulses,Brand C,34.17,25.63,25,3.4,374
124,Dals & Pulses Product 8,"Foodgrains, Oil & Masala",Dals & Pulses,Brand C,145.61,101.93,30,4.0,178
125,Dals & Pulses Product 9,"Foodgrains, Oil & Masala",Dals & Pulses,Brand A,290.18,232.14,20,3.2,266
126,Dals & Pulses Product 10,"Foodgrains, Oil & Masala",Dals & Pulses,Brand C,109.5,104.03,5,3.1,220
127,Dals & Pulses Product 11,"Foodgrains, Oil & Masala",Dals & Pulses,Brand B,259.81,246.82,5,4.2,184
128,Dals & Pulses Product 12,"Foodgrains, Oil & Masala",Dals & Pulses,Brand B,75.76,68.19,10,4.4,332
129,Dals & Pulses Product 13,"Foodgrains, Oil & Masala",Dals & Pulses,Generic,282.76,240.35,15,3.8,54
130,Dals & Pulses Product 14,"Foodgrains, Oil & Masala",Dals & Pulses,Brand A,183.92,183.92,0,3.1,403
131,Dals & Pulses Product 15,"Foodgrains, Oil & Masala",Dals & Pulses,Brand B,196.05,137.24,30,4.0,477
132,Dals & Pulses Product 16,"Foodgrains, Oil & Masala",Dals & Pulses,Brand C,67.82,61.04,10,4.1,125
133,Dals & Pulses Product 17,"Foodgrains, Oil & Masala",Dals & Pulses,Brand D,266.89,226.86,15,3.2,207
134,Dals & Pulses Product 18,"Foodgrains, Oil & Masala",Dals & Pulses,Brand C,218.19,185.47,15,4.7,457
135,Dals & Pulses Product 19,"Foodgrains, Oil & Masala",Dals & Pulses,Brand A,127.06,127.06,0,4.7,157
136,Dals & Pulses Product 20,"Foodgrains, Oil & Masala",Dals & Pulses,Generic,248.53,198.82,20,3.5,102
137,Dals & Pulses Product 21,"Foodgrains, Oil & Masala",Dals & Pulses,Brand C,264.11,198.08,25,4.5,497
138,Dals & Pulses Product 22,"Foodgrains, Oil & Masala",Dals & Pulses,Brand D,168.06,151.26,10,4.9,433
139,Dals & Pulses Product 23,"Foodgrains, Oil & Masala",Dals & Pulses,Brand B,245.54,220.99,10,4.8,171
140,Dals & Pulses Product 24,"Foodgrains, Oil & Masala",Dals & Pulses,Brand B,219.53,186.6,15,4.9,465
141,Dals & Pulses Product 25,"Foodgrains, Oil & Masala",Dals & Pulses,Brand B,270.3,256.79,5,4.7,62
142,Edible Oils Product 1,"Foodgrains, Oil & Masala",Edible Oils,Generic,131.41,131.41,0,4.8,450
143,Edible Oils Product 2,"Foodgrains, Oil & Masala",Edible Oils,Brand D,186.14,186.14,0,4.5,492
144,Edible Oils Product 3,"Foodgrains, Oil & Masala",Edible Oils,Generic,155.71,140.14,10,4.5,186
145,Edible Oils Product 4,"Foodgrains, Oil & Masala",Edible Oils,Brand B,107.37,96.63,10,4.5,105
146,Edible Oils Product 5,"Foodgrains, Oil & Masala",Edible Oils,Brand D,38.24,38.24,0,4.7,489
147,Edible Oils Product 6,"Foodgrains, Oil & Masala",Edible Oils,Brand D,252.1,239.5,5,3.4,468
148,Edible Oils Product 7,"Foodgrains, Oil & Masala",Edible Oils,Brand D,64.31,57.88,10,3.7,470
149,Edible Oils Product 8,"Foodgrains, Oil & Masala",Edible Oils,Brand B,237.9,237.9,0,3.4,387
150,Edible Oils Product 9,"Foodgrains, Oil & Masala",Edible Oils,Brand B,198.18,198.18,0,3.8,192
151,Edible Oils Product 10,"Foodgrains, Oil & Masala",Edible Oils,Brand A,43.95,39.56,10,4.8,192
152,Edible Oils Product 11,"Foodgrains, Oil & Masala",Edible Oils,Brand C,175.97,158.37,10,4.2,254
153,Edible Oils Product 12,"Foodgrains, Oil & Masala",Edible Oils,Generic,226.04,158.23,30,4.9,324
154,Edible Oils Product 13,"Foodgrains, Oil & Masala",Edible Oils,Brand C,169.4,160.93,5,4.8,109
155,Edible Oils Product 14,"Foodgrains, Oil & Masala",Edible Oils,Brand C,244.7,244.7,0,3.3,185
156,Edible Oils Product 15,"Foodgrains, Oil & Masala",Edible Oils,Brand A,148.52,148.52,0,3.2,272
157,Edible Oils Product 16,"Foodgrains, Oil & Masala",Edible Oils,Brand C,36.84,25.79,30,4.4,210
158,Edible Oils Product 17,"Foodgrains, Oil & Masala",Edible Oils,Brand D,255.71,217.36,15,4.2,311
159,Spices & Masalas Product 1,"Foodgrains, Oil & Masala",Spices & Masalas,Brand D,140.42,140.42,0,4.7,147
160,Spices & Masalas Product 2,"Foodgrains, Oil & Masala",Spices & Masalas,Brand C,72.24,72.24,0,3.1,273
161,Spices & Masalas Product 3,"Foodgrains, Oil & Masala",Spices & Masalas,Brand A,178.29,151.55,15,4.0,462
162,Spices & Masalas Product 4,"Foodgrains, Oil & Masala",Spices & Masalas,Brand E,208.25,208.25,0,4.3,429
163,Spices & Masalas Product 5,"Foodgrains, Oil & Masala",Spices & Masalas,Generic,287.81,244.64,15,4.3,236
164,Spices & Masalas Product 6,"Foodgrains, Oil & Masala",Spices & Masalas,Brand D,179.68,161.71,10,3.1,390
165,Spices & Masalas Product 7,"Foodgrains, Oil & Masala",Spices & Masalas,Brand C,143.29,143.29,0,4.2,389
166,Spices & Masalas Product 8,"Foodgrains, Oil & Masala",Spices & Masalas,Brand A,126.11,107.2,15,4.4,203
167,Spices & Masalas Product 9,"Foodgrains, Oil & Masala",Spices & Masalas,Brand E,33.89,33.89,0,3.6,259
168,Spices & Masalas Product 10,"Foodgrains, Oil & Masala",Spices & Masalas,Brand C,42.42,42.42,0,3.8,201
169,Spices & Masalas Product 11,"Foodgrains, Oil & Masala",Spices & Masalas,Brand E,260.97,221.83,15,3.2,265
170,Spices & Masalas Product 12,"Foodgrains, Oil & Masala",Spices & Masalas,Generic,158.03,158.03,0,4.8,396
171,Spices & Masalas Product 13,"Foodgrains, Oil & Masala",Spices & Masalas,Generic,162.74,154.6,5,4.7,365
172,Spices & Masalas Product 14,"Foodgrains, Oil & Masala",Spices & Masalas,Brand E,76.76,72.93,5,3.6,330
173,Spices & Masalas Product 15,"Foodgrains, Oil & Masala",Spices & Masalas,Brand A,137.6,123.84,10,3.6,157
174,Spices & Masalas Product 16,"Foodgrains, Oil & Masala",Spices & Masalas,Brand D,201.48,201.48,0,4.5,360
175,Bread & Bakery Product 1,"Bakery, Cakes & Dairy",Bread & Bakery,Brand C,131.15,118.03,10,3.9,276
176,Bread & Bakery Product 2,"Bakery, Cakes & Dairy",Bread & Bakery,Generic,165.85,132.68,20,3.4,292
177,Bread & Bakery Product 3,"Bakery, Cakes & Dairy",Bread & Bakery,Generic,207.85,207.85,0,3.3,93
178,Bread & Bakery Product 4,"Bakery, Cakes & Dairy",Bread & Bakery,Brand C,49.05,44.15,10,4.0,374
179,Bread & Bakery Product 5,"Bakery, Cakes & Dairy",Bread & Bakery,Brand E,37.16,33.44,10,3.6,469
180,Bread & Bakery Product 6,"Bakery, Cakes & Dairy",Bread & Bakery,Brand B,283.86,255.48,10,4.3,165
181,Bread & Bakery Product 7,"Bakery, Cakes & Dairy",Bread & Bakery,Brand B,134.81,121.33,10,3.3,73
182,Bread & Bakery Product 8,"Bakery, Cakes & Dairy",Bread & Bakery,Brand B,153.73,138.36,10,4.9,362
183,Bread & Bakery Product 9,"Bakery, Cakes & Dairy",Bread & Bakery,Brand A,284.2,269.99,5,3.9,372
184,Bread & Bakery Product 10,"Bakery, Cakes & Dairy",Bread & Bakery,Brand E,289.52,217.14,25,3.4,406
185,Bread & Bakery Product 11,"Bakery, Cakes & Dairy",Bread & Bakery,Brand D,82.86,82.86,0,3.9,174
186,Bread & Bakery Product 12,"Bakery, Cakes & Dairy",Bread & Bakery,Brand B,57.21,57.21,0,4.2,52
187,Bread & Bakery Product 13,"Bakery, Cakes & Dairy",Bread & Bakery,Brand A,55.5,47.17,15,4.5,162
188,Bread & Bakery Product 14,"Bakery, Cakes & Dairy",Bread & Bakery,Brand B,49.22,46.76,5,4.5,406
189,Bread & Bakery Product 15,"Bakery, Cakes & Dairy",Bread & Bakery,Brand E,258.12,258.12,0,3.9,335
190,Bread & Bakery Product 16,"Bakery, Cakes & Dairy",Bread & Bakery,Brand B,249.91,249.91,0,4.7,112
191,Bread & Bakery Product 17,"Bakery, Cakes & Dairy",Bread & Bakery,Brand D,61.9,52.62,15,3.3,287
192,Bread & Bakery Product 18,"Bakery, Cakes & Dairy",Bread & Bakery,Generic,199.81,159.85,20,4.0,336
193,Bread & Bakery Product 19,"Bakery, Cakes & Dairy",Bread & Bakery,Brand E,228.47,182.78,20,3.6,436
194,Bread & Bakery Product 20,"Bakery, Cakes & Dairy",Bread & Bakery,Brand D,106.15,106.15,0,4.2,418
195,Bread & Bakery Product 21,"Bakery, Cakes & Dairy",Bread & Bakery,Brand E,232.67,186.13,20,3.8,330
196,Bread & Bakery Product 22,"Bakery, Cakes & Dairy",Bread & Bakery,Brand D,297.44,282.56,5,4.7,430
197,Bread & Bakery Product 23,"Bakery, Cakes & Dairy",Bread & Bakery,Brand D,130.44,110.88,15,3.9,434
198,Bread & Bakery Product 24,"Bakery, Cakes & Dairy",Bread & Bakery,Brand B,122.02,91.51,25,4.6,191
199,Bread & Bakery Product 25,"Bakery, Cakes & Dairy",Bread & Bakery,Brand E,261.77,248.68,5,3.9,172
200,Dairy Products Product 1,"Bakery, Cakes & Dairy",Dairy Products,Brand D,232.74,197.82,15,3.1,196
201,Dairy Products Product 2,"Bakery, Cakes & Dairy",Dairy Products,Brand B,57.84,43.38,25,3.5,213
202,Dairy Products Product 3,"Bakery, Cakes & Dairy",Dairy Products,Brand E,166.42,133.13,20,3.2,127
203,Dairy Products Product 4,"Bakery, Cakes & Dairy",Dairy Products,Brand B,116.41,93.13,20,3.7,128
204,Dairy Products Product 5,"Bakery, Cakes & Dairy",Dairy Products,Generic,135.08,135.08,0,3.4,262
205,Dairy Products Product 6,"Bakery, Cakes & Dairy",Dairy Products,Brand D,274.45,274.45,0,3.6,288
206,Dairy Products Product 7,"Bakery, Cakes & Dairy",Dairy Products,Brand D,116.21,81.35,30,3.1,476
207,Dairy Products Product 8,"Bakery, Cakes & Dairy",Dairy Products,Brand D,286.66,258.0,10,3.7,444
208,Dairy Products Product 9,"Bakery, Cakes & Dairy",Dairy Products,Brand E,200.6,190.57,5,4.8,60
209,Dairy Products Product 10,"Bakery, Cakes & Dairy",Dairy Products,Brand E,109.17,103.71,5,3.7,53
210,Dairy Products Product 11,"Bakery, Cakes & Dairy",Dairy Products,Brand C,211.58,179.84,15,3.6,249
211,Dairy Products Product 12,"Bakery, Cakes & Dairy",Dairy Products,Brand D,243.73,207.17,15,4.0,426
212,Dairy Products Product 13,"Bakery, Cakes & Dairy",Dairy Products,Brand E,54.63,51.89,5,4.5,162
213,Dairy Products Product 14,"Bakery, Cakes & Dairy",Dairy Products,Brand D,45.54,40.99,10,3.4,273
214,Dairy Products Product 15,"Bakery, Cakes & Dairy",Dairy Products,Brand D,149.21,119.37,20,3.1,222
215,Dairy Products Product 16,"Bakery, Cakes & Dairy",Dairy Products,Generic,124.75,124.75,0,4.3,257
216,Dairy Products Product 17,"Bakery, Cakes & Dairy",Dairy Products,Generic,68.61,58.32,15,3.3,289
217,Dairy Products Product 18,"Bakery, Cakes & Dairy",Dairy Products,Brand B,196.92,196.92,0,4.9,323
218,Dairy Products Product 19,"Bakery, Cakes & Dairy",Dairy Products,Brand A,52.71,44.8,15,4.7,353
219,Cheese & Paneer Product 1,"Bakery, Cakes & Dairy",Cheese & Paneer,Generic,49.65,39.72,20,3.1,379
220,Cheese & Paneer Product 2,"Bakery, Cakes & Dairy",Cheese & Paneer,Brand D,220.69,220.69,0,3.3,286
221,Cheese & Paneer Product 3,"Bakery, Cakes & Dairy",Cheese & Paneer,Brand B,52.91,37.03,30,3.1,244
222,Cheese & Paneer Product 4,"Bakery, Cakes & Dairy",Cheese & Paneer,Brand C,131.05,124.5,5,3.4,217
223,Cheese & Paneer Product 5,"Bakery, Cakes & Dairy",Cheese & Paneer,Brand C,249.46,187.09,25,4.4,244
224,Cheese & Paneer Product 6,"Bakery, Cakes & Dairy",Cheese & Paneer,Brand C,296.22,251.79,15,4.4,475
225,Cheese & Paneer Product 7,"Bakery, Cakes & Dairy",Cheese & Paneer,Brand D,131.59,131.59,0,3.5,91
226,Cheese & Paneer Product 8,"Bakery, Cakes & Dairy",Cheese & Paneer,Brand D,239.83,215.85,10,3.0,326
227,Cheese & Paneer Product 9,"Bakery, Cakes & Dairy",Cheese & Paneer,Brand A,144.54,108.4,25,4.9,229
228,Cheese & Paneer Product 10,"Bakery, Cakes & Dairy",Cheese & Paneer,Brand B,60.02,57.02,5,4.2,449
229,Cheese & Paneer Product 11,"Bakery, Cakes & Dairy",Cheese & Paneer,Generic,33.07,31.41,5,3.1,65
230,Cheese & Paneer Product 12,"Bakery, Cakes & Dairy",Cheese & Paneer,Brand B,45.2,45.2,0,3.4,60
231,Cheese & Paneer Product 13,"Bakery, Cakes & Dairy",Cheese & Paneer,Brand E,61.73,55.56,10,3.3,114
232,Cheese & Paneer Product 14,"Bakery, Cakes & Dairy",Cheese & Paneer,Brand D,231.43,208.29,10,4.3,338
233,Cheese & Paneer Product 15,"Bakery, Cakes & Dairy",Cheese & Paneer,Brand B,289.79,275.3,5,3.9,181
234,Cheese & Paneer Product 16,"Bakery, Cakes & Dairy",Cheese & Paneer,Brand C,107.14,85.71,20,3.3,360
235,Cheese & Paneer Product 17,"Bakery, Cakes & Dairy",Cheese & Paneer,Generic,90.37,63.26,30,4.4,448
236,Cheese & Paneer Product 18,"Bakery, Cakes & Dairy",Cheese & Paneer,Brand B,33.28,23.3,30,4.8,105
237,Cheese & Paneer Product 19,"Bakery, Cakes & Dairy",Cheese & Paneer,Brand E,41.65,33.32,20,3.0,209
238,Cheese & Paneer Product 20,"Bakery, Cakes & Dairy",Cheese & Paneer,Brand E,172.48,120.74,30,4.3,242
239,Cheese & Paneer Product 21,"Bakery, Cakes & Dairy",Cheese & Paneer,Brand D,49.93,44.93,10,4.8,151
240,Cheese & Paneer Product 22,"Bakery, Cakes & Dairy",Cheese & Paneer,Brand A,291.71,262.54,10,4.1,475
241,Cheese & Paneer Product 23,"Bakery, Cakes & Dairy",Cheese & Paneer,Generic,199.94,169.95,15,3.5,406
242,Cheese & Paneer Product 24,"Bakery, Cakes & Dairy",Cheese & Paneer,Brand C,152.73,137.45,10,4.6,357
243,Butter & Margarine Product 1,"Bakery, Cakes & Dairy",Butter & Margarine,Brand E,187.76,140.82,25,4.5,227
244,Butter & Margarine Product 2,"Bakery, Cakes & Dairy",Butter & Margarine,Brand E,42.27,42.27,0,3.8,239
245,Butter & Margarine Product 3,"Bakery, Cakes & Dairy",Butter & Margarine,Brand A,286.61,229.29,20,4.0,224
246,Butter & Margarine Product 4,"Bakery, Cakes & Dairy",Butter & Margarine,Brand A,153.03,137.72,10,4.6,471
247,Butter & Margarine Product 5,"Bakery, Cakes & Dairy",Butter & Margarine,Brand D,104.89,104.89,0,3.2,235
248,Butter & Margarine Product 6,"Bakery, Cakes & Dairy",Butter & Margarine,Generic,155.2,147.44,5,4.7,285
249,Butter & Margarine Product 7,"Bakery, Cakes & Dairy",Butter & Margarine,Generic,187.59,187.59,0,3.3,140
250,Butter & Margarine Product 8,"Bakery, Cakes & Dairy",Butter & Margarine,Generic,293.09,205.16,30,4.0,383
251,Butter & Margarine Product 9,"Bakery, Cakes & Dairy",Butter & Margarine,Brand C,218.5,196.65,10,4.2,325
252,Butter & Margarine Product 10,"Bakery, Cakes & Dairy",Butter & Margarine,Brand D,113.57,90.86,20,3.9,472
253,Butter & Margarine Product 11,"Bakery, Cakes & Dairy",Butter & Margarine,Generic,214.88,214.88,0,4.1,215
254,Butter & Margarine Product 12,"Bakery, Cakes & Dairy",Butter & Margarine,Brand B,275.95,220.76,20,4.6,94
255,Butter & Margarine Product 13,"Bakery, Cakes & Dairy",Butter & Margarine,Brand C,286.45,243.48,15,4.7,174
256,Butter & Margarine Product 14,"Bakery, Cakes & Dairy",Butter & Margarine,Brand D,195.62,185.84,5,4.1,392
257,Butter & Margarine Product 15,"Bakery, Cakes & Dairy",Butter & Margarine,Brand D,281.84,225.47,20,3.6,303
258,Butter & Margarine Product 16,"Bakery, Cakes & Dairy",Butter & Margarine,Brand C,42.21,42.21,0,3.3,158
259,Tea & Coffee Product 1,Beverages,Tea & Coffee,Brand C,131.65,105.32,20,3.6,500
260,Tea & Coffee Product 2,Beverages,Tea & Coffee,Brand E,296.56,296.56,0,4.3,191
261,Tea & Coffee Product 3,Beverages,Tea & Coffee,Brand E,190.42,180.89,5,3.0,147
262,Tea & Coffee Product 4,Beverages,Tea & Coffee,Brand A,291.88,233.5,20,3.5,258
263,Tea & Coffee Product 5,Beverages,Tea & Coffee,Brand D,256.35,243.53,5,4.1,173
264,Tea & Coffee Product 6,Beverages,Tea & Coffee,Generic,142.0,142.0,0,3.9,414
265,Tea & Coffee Product 7,Beverages,Tea & Coffee,Brand D,45.22,36.18,20,3.9,58
266,Tea & Coffee Product 8,Beverages,Tea & Coffee,Brand A,249.48,174.64,30,3.6,257
267,Tea & Coffee Product 9,Beverages,Tea & Coffee,Generic,299.09,269.18,10,3.5,389
268,Tea & Coffee Product 10,Beverages,Tea & Coffee,Brand E,237.63,178.22,25,3.7,333
269,Tea & Coffee Product 11,Beverages,Tea & Coffee,Brand E,259.4,259.4,0,3.7,431
270,Tea & Coffee Product 12,Beverages,Tea & Coffee,Brand E,151.65,151.65,0,3.6,409
271,Tea & Coffee Product 13,Beverages,Tea & Coffee,Brand D,287.59,258.83,10,3.5,178
272,Tea & Coffee Product 14,Beverages,Tea & Coffee,Brand B,91.73,77.97,15,3.2,148
273,Tea & Coffee Product 15,Beverages,Tea & Coffee,Brand C,196.89,187.05,5,3.2,324
274,Tea & Coffee Product 16,Beverages,Tea & Coffee,Generic,60.66,51.56,15,3.4,160
275,Tea & Coffee Product 17,Beverages,Tea & Coffee,Generic,170.48,144.91,15,3.9,420
276,Tea & Coffee Product 18,Beverages,Tea & Coffee,Brand E,170.44,136.36,20,4.9,318
277,Tea & Coffee Product 19,Beverages,Tea & Coffee,Brand E,179.01,161.11,10,3.5,101
278,Tea & Coffee Product 20,Beverages,Tea & Coffee,Brand B,266.7,253.36,5,3.6,234
279,Soft Drinks Product 1,Beverages,Soft Drinks,Brand C,66.18,66.18,0,3.0,323
280,Soft Drinks Product 2,Beverages,Soft Drinks,Brand B,233.89,210.5,10,3.5,77
281,Soft Drinks Product 3,Beverages,Soft Drinks,Brand E,220.1,220.1,0,3.6,114
282,Soft Drinks Product 4,Beverages,Soft Drinks,Generic,66.82,66.82,0,4.7,301
283,Soft Drinks Product 5,Beverages,Soft Drinks,Brand A,124.66,112.19,10,4.7,343
284,Soft Drinks Product 6,Beverages,Soft Drinks,Brand C,135.91,129.11,5,3.9,275
285,Soft Drinks Product 7,Beverages,Soft Drinks,Brand C,274.12,260.42,5,3.4,76
286,Soft Drinks Product 8,Beverages,Soft Drinks,Brand C,168.78,143.46,15,4.8,294
287,Soft Drinks Product 9,Beverages,Soft Drinks,Brand A,137.07,123.36,10,4.6,255
288,Soft Drinks Product 10,Beverages,Soft Drinks,Brand D,262.84,197.13,25,3.1,372
289,Soft Drinks Product 11,Beverages,Soft Drinks,Generic,69.71,52.28,25,3.1,126
290,Soft Drinks Product 12,Beverages,Soft Drinks,Brand E,162.87,162.87,0,4.8,93
291,Soft Drinks Product 13,Beverages,Soft Drinks,Brand B,153.97,107.78,30,3.2,441
292,Soft Drinks Product 14,Beverages,Soft Drinks,Brand D,163.01,154.86,5,4.2,454
293,Soft Drinks Product 15,Beverages,Soft Drinks,Brand E,201.02,201.02,0,3.4,317
294,Soft Drinks Product 16,Beverages,Soft Drinks,Brand D,50.48,50.48,0,3.9,276
295,Soft Drinks Product 17,Beverages,Soft Drinks,Brand C,64.57,64.57,0,4.6,269
296,Juices Product 1,Beverages,Juices,Brand E,67.48,60.74,10,4.2,362
297,Juices Product 2,Beverages,Juices,Generic,79.11,75.15,5,3.2,440
298,Juices Product 3,Beverages,Juices,Brand B,272.13,258.53,5,4.2,185
299,Juices Product 4,Beverages,Juices,Generic,210.24,210.24,0,3.2,172
300,Juices Product 5,Beverages,Juices,Brand B,81.92,81.92,0,4.0,130
301,Juices Product 6,Beverages,Juices,Brand A,75.61,75.61,0,3.8,402
302,Juices Product 7,Beverages,Juices,Brand E,77.79,77.79,0,3.9,66
303,Juices Product 8,Beverages,Juices,Brand B,62.57,59.44,5,3.5,194
304,Juices Product 9,Beverages,Juices,Generic,85.71,81.42,5,4.6,86
305,Juices Product 10,Beverages,Juices,Generic,165.92,141.03,15,3.4,185
306,Juices Product 11,Beverages,Juices,Generic,40.61,34.52,15,4.1,461
307,Juices Product 12,Beverages,Juices,Brand B,199.53,199.53,0,3.8,328
308,Juices Product 13,Beverages,Juices,Brand B,265.87,199.4,25,4.2,186
309,Juices Product 14,Beverages,Juices,Brand B,46.49,46.49,0,3.1,134
310,Juices Product 15,Beverages,Juices,Brand C,247.67,210.52,15,4.1,472
311,Juices Product 16,Beverages,Juices,Brand E,79.82,79.82,0,4.8,274
312,Juices Product 17,Beverages,Juices,Brand A,130.03,123.53,5,3.9,205
313,Juices Product 18,Beverages,Juices,Generic,196.93,187.08,5,3.8,189
314,Juices Product 19,Beverages,Juices,Brand E,154.88,131.65,15,4.0,274
315,Health Drinks Product 1,Beverages,Health Drinks,Brand E,39.9,39.9,0,3.1,271
316,Health Drinks Product 2,Beverages,Health Drinks,Generic,222.6,178.08,20,3.6,178
317,Health Drinks Product 3,Beverages,Health Drinks,Brand A,168.15,151.34,10,3.2,395
318,Health Drinks Product 4,Beverages,Health Drinks,Brand E,58.94,55.99,5,4.1,60
319,Health Drinks Product 5,Beverages,Health Drinks,Generic,173.81,173.81,0,4.6,345
320,Health Drinks Product 6,Beverages,Health Drinks,Brand A,102.7,97.56,5,4.4,139
321,Health Drinks Product 7,Beverages,Health Drinks,Brand D,35.42,33.65,5,4.0,276
322,Health Drinks Product 8,Beverages,Health Drinks,Brand C,87.09,82.74,5,3.3,349
323,Health Drinks Product 9,Beverages,Health Drinks,Brand D,62.34,49.87,20,4.2,301
324,Health Drinks Product 10,Beverages,Health Drinks,Brand A,190.27,161.73,15,3.9,259
325,Health Drinks Product 11,Beverages,Health Drinks,Brand C,243.08,230.92,5,3.6,103
326,Health Drinks Product 12,Beverages,Health Drinks,Brand B,53.47,48.12,10,3.6,405
327,Health Drinks Product 13,Beverages,Health Drinks,Brand D,188.45,160.18,15,3.5,255
328,Health Drinks Product 14,Beverages,Health Drinks,Brand E,146.55,146.55,0,3.1,95
329,Health Drinks Product 15,Beverages,Health Drinks,Brand C,106.62,101.29,5,3.5,109
330,Health Drinks Product 16,Beverages,Health Drinks,Brand D,204.4,183.96,10,4.6,472
331,Biscuits & Cookies Product 1,Snacks & Branded Foods,Biscuits & Cookies,Generic,126.15,88.3,30,4.7,286
332,Biscuits & Cookies Product 2,Snacks & Branded Foods,Biscuits & Cookies,Brand D,193.56,193.56,0,3.1,315
333,Biscuits & Cookies Product 3,Snacks & Branded Foods,Biscuits & Cookies,Brand C,57.48,57.48,0,4.2,305
334,Biscuits & Cookies Product 4,Snacks & Branded Foods,Biscuits & Cookies,Generic,96.41,96.41,0,3.8,76
335,Biscuits & Cookies Product 5,Snacks & Branded Foods,Biscuits & Cookies,Brand B,80.37,80.37,0,3.5,117
336,Biscuits & Cookies Product 6,Snacks & Branded Foods,Biscuits & Cookies,Brand C,76.81,61.45,20,3.8,407
337,Biscuits & Cookies Product 7,Snacks & Branded Foods,Biscuits & Cookies,Brand D,51.66,46.5,10,3.2,372
338,Biscuits & Cookies Product 8,Snacks & Branded Foods,Biscuits & Cookies,Brand E,140.81,98.57,30,4.5,413
339,Biscuits & Cookies Product 9,Snacks & Branded Foods,Biscuits & Cookies,Brand B,60.25,57.24,5,3.6,57
340,Biscuits & Cookies Product 10,Snacks & Branded Foods,Biscuits & Cookies,Brand E,291.76,233.41,20,3.8,165
341,Biscuits & Cookies Product 11,Snacks & Branded Foods,Biscuits & Cookies,Brand A,250.61,250.61,0,3.9,110
342,Biscuits & Cookies Product 12,Snacks & Branded Foods,Biscuits & Cookies,Generic,76.14,64.72,15,4.6,305
343,Biscuits & Cookies Product 13,Snacks & Branded Foods,Biscuits & Cookies,Generic,280.93,252.84,10,3.6,411
344,Biscuits & Cookies Product 14,Snacks & Branded Foods,Biscuits & Cookies,Brand C,184.34,184.34,0,3.8,297
345,Biscuits & Cookies Product 15,Snacks & Branded Foods,Biscuits & Cookies,Brand D,237.76,237.76,0,3.5,332
346,Chips & Namkeen Product 1,Snacks & Branded Foods,Chips & Namkeen,Brand D,117.39,111.52,5,3.4,356
347,Chips & Namkeen Product 2,Snacks & Branded Foods,Chips & Namkeen,Brand E,167.05,167.05,0,4.4,119
348,Chips & Namkeen Product 3,Snacks & Branded Foods,Chips & Namkeen,Brand A,61.01,54.91,10,3.5,454
349,Chips & Namkeen Product 4,Snacks & Branded Foods,Chips & Namkeen,Brand D,107.93,97.14,10,3.6,453
350,Chips & Namkeen Product 5,Snacks & Branded Foods,Chips & Namkeen,Brand E,71.68,68.09,5,3.5,51
351,Chips & Namkeen Product 6,Snacks & Branded Foods,Chips & Namkeen,Brand C,173.8,173.8,0,4.4,478
352,Chips & Namkeen Product 7,Snacks & Branded Foods,Chips & Namkeen,Brand E,120.88,120.88,0,4.1,387
353,Chips & Namkeen Product 8,Snacks & Branded Foods,Chips & Namkeen,Brand D,47.11,32.98,30,4.6,278
354,Chips & Namkeen Product 9,Snacks & Branded Foods,Chips & Namkeen,Brand E,117.04,93.63,20,3.9,220
355,Chips & Namkeen Product 10,Snacks & Branded Foods,Chips & Namkeen,Brand E,98.75,83.94,15,4.4,243
356,Chips & Namkeen Product 11,Snacks & Branded Foods,Chips & Namkeen,Brand D,235.26,211.74,10,4.8,495
357,Chips & Namkeen Product 12,Snacks & Branded Foods,Chips & Namkeen,Brand B,157.33,149.46,5,4.9,172
358,Chips & Namkeen Product 13,Snacks & Branded Foods,Chips & Namkeen,Brand E,124.19,93.15,25,3.7,488
359,Chips & Namkeen Product 14,Snacks & Branded Foods,Chips & Namkeen,Brand D,254.27,177.99,30,3.1,431
360,Chips & Namkeen Product 15,Snacks & Branded Foods,Chips & Namkeen,Brand D,63.56,54.03,15,4.3,465
361,Chips & Namkeen Product 16,Snacks & Branded Foods,Chips & Namkeen,Brand D,283.35,283.35,0,3.7,389
362,Chips & Namkeen Product 17,Snacks & Branded Foods,Chips & Namkeen,Generic,47.95,40.76,15,4.9,303
363,Breakfast Cereals Product 1,Snacks & Branded Foods,Breakfast Cereals,Brand B,185.11,148.09,20,4.0,352
364,Breakfast Cereals Product 2,Snacks & Branded Foods,Breakfast Cereals,Brand C,67.74,57.58,15,4.7,497
365,Breakfast Cereals Product 3,Snacks & Branded Foods,Breakfast Cereals,Brand D,84.44,84.44,0,3.2,283
366,Breakfast Cereals Product 4,Snacks & Branded Foods,Breakfast Cereals,Brand A,74.35,59.48,20,4.4,259
367,Breakfast Cereals Product 5,Snacks & Branded Foods,Breakfast Cereals,Generic,209.6,188.64,10,4.8,88
368,Breakfast Cereals Product 6,Snacks & Branded Foods,Breakfast Cereals,Brand D,126.88,101.51,20,4.5,185
369,Breakfast Cereals Product 7,Snacks & Branded Foods,Breakfast Cereals,Brand C,135.96,108.77,20,4.2,253
370,Breakfast Cereals Product 8,Snacks & Branded Foods,Breakfast Cereals,Generic,148.57,141.14,5,3.2,218
371,Breakfast Cereals Product 9,Snacks & Branded Foods,Breakfast Cereals,Generic,154.92,147.18,5,4.6,244
372,Breakfast Cereals Product 10,Snacks & Branded Foods,Breakfast Cereals,Brand C,231.85,208.67,10,4.2,438
373,Breakfast Cereals Product 11,Snacks & Branded Foods,Breakfast Cereals,Brand D,92.7,74.16,20,4.7,68
374,Breakfast Cereals Product 12,Snacks & Branded Foods,Breakfast Cereals,Brand E,133.65,120.29,10,3.1,373
375,Breakfast Cereals Product 13,Snacks & Branded Foods,Breakfast Cereals,Generic,274.75,247.27,10,4.7,166
376,Breakfast Cereals Product 14,Snacks & Branded Foods,Breakfast Cereals,Generic,61.56,46.17,25,3.2,100
377,Breakfast Cereals Product 15,Snacks & Branded Foods,Breakfast Cereals,Generic,199.48,189.51,5,4.3,101
378,Instant Food Product 1,Snacks & Branded Foods,Instant Food,Brand B,67.6,57.46,15,4.3,64
379,Instant Food Product 2,Snacks & Branded Foods,Instant Food,Brand A,197.42,177.68,10,3.6,78
380,Instant Food Product 3,Snacks & Branded Foods,Instant Food,Brand C,271.35,230.65,15,3.7,270
381,Instant Food Product 4,Snacks & Branded Foods,Instant Food,Brand B,70.95,67.4,5,3.5,260
382,Instant Food Product 5,Snacks & Branded Foods,Instant Food,Brand E,97.09,82.53,15,4.3,142
383,Instant Food Product 6,Snacks & Branded Foods,Instant Food,Brand B,39.05,35.15,10,3.3,362
384,Instant Food Product 7,Snacks & Branded Foods,Instant Food,Brand D,235.86,188.69,20,4.2,173
385,Instant Food Product 8,Snacks & Branded Foods,Instant Food,Brand D,122.36,97.89,20,4.7,123
386,Instant Food Product 9,Snacks & Branded Foods,Instant Food,Brand B,59.87,47.9,20,3.9,180
387,Instant Food Product 10,Snacks & Branded Foods,Instant Food,Brand D,64.42,61.2,5,3.5,54
388,Instant Food Product 11,Snacks & Branded Foods,Instant Food,Brand D,245.27,245.27,0,4.7,396
389,Instant Food Product 12,Snacks & Branded Foods,Instant Food,Brand E,91.9,78.11,15,3.3,276
390,Instant Food Product 13,Snacks & Branded Foods,Instant Food,Brand C,224.41,201.97,10,4.9,203
391,Instant Food Product 14,Snacks & Branded Foods,Instant Food,Generic,217.37,195.63,10,4.8,403
392,Instant Food Product 15,Snacks & Branded Foods,Instant Food,Brand C,97.99,93.09,5,3.9,204
393,Instant Food Product 16,Snacks & Branded Foods,Instant Food,Brand B,79.03,59.27,25,4.9,486
394,Instant Food Product 17,Snacks & Branded Foods,Instant Food,Brand D,187.52,178.14,5,3.2,245
395,Instant Food Product 18,Snacks & Branded Foods,Instant Food,Brand E,154.74,116.06,25,3.7,201
396,Instant Food Product 19,Snacks & Branded Foods,Instant Food,Generic,71.4,64.26,10,3.6,474
397,Instant Food Product 20,Snacks & Branded Foods,Instant Food,Generic,166.59,149.93,10,3.8,54
398,Instant Food Product 21,Snacks & Branded Foods,Instant Food,Brand E,34.89,27.91,20,4.6,448
399,Instant Food Product 22,Snacks & Branded Foods,Instant Food,Generic,281.67,253.5,10,4.8,360
400,Skin Care Product 1,Beauty & Hygiene,Skin Care,Brand C,363.49,272.62,25,4.5,167
401,Skin Care Product 2,Beauty & Hygiene,Skin Care,Brand E,368.26,368.26,0,4.5,162
402,Skin Care Product 3,Beauty & Hygiene,Skin Care,Generic,309.33,278.4,10,3.4,178
403,Skin Care Product 4,Beauty & Hygiene,Skin Care,Generic,240.86,204.73,15,4.4,442
404,Skin Care Product 5,Beauty & Hygiene,Skin Care,Generic,470.47,352.85,25,4.3,120
405,Skin Care Product 6,Beauty & Hygiene,Skin Care,Generic,252.88,252.88,0,3.2,371
406,Skin Care Product 7,Beauty & Hygiene,Skin Care,Generic,493.18,394.54,20,3.1,453
407,Skin Care Product 8,Beauty & Hygiene,Skin Care,Brand D,106.1,79.57,25,3.1,236
408,Skin Care Product 9,Beauty & Hygiene,Skin Care,Generic,441.45,397.31,10,3.2,201
409,Skin Care Product 10,Beauty & Hygiene,Skin Care,Brand C,316.07,300.27,5,4.4,139
410,Skin Care Product 11,Beauty & Hygiene,Skin Care,Brand B,74.64,70.91,5,3.3,326
411,Skin Care Product 12,Beauty & Hygiene,Skin Care,Brand C,411.28,411.28,0,4.0,189
412,Skin Care Product 13,Beauty & Hygiene,Skin Care,Brand B,200.07,190.07,5,3.5,472
413,Skin Care Product 14,Beauty & Hygiene,Skin Care,Brand D,291.83,218.87,25,4.8,201
414,Skin Care Product 15,Beauty & Hygiene,Skin Care,Generic,205.86,195.56,5,4.7,461
415,Skin Care Product 16,Beauty & Hygiene,Skin Care,Brand A,381.88,362.78,5,3.9,88
416,Skin Care Product 17,Beauty & Hygiene,Skin Care,Brand B,151.07,143.52,5,4.4,165
417,Skin Care Product 18,Beauty & Hygiene,Skin Care,Generic,113.39,113.39,0,4.4,253
418,Skin Care Product 19,Beauty & Hygiene,Skin Care,Brand E,274.27,260.55,5,3.7,454
419,Skin Care Product 20,Beauty & Hygiene,Skin Care,Brand D,461.68,438.6,5,3.0,324
420,Skin Care Product 21,Beauty & Hygiene,Skin Care,Brand A,311.26,280.14,10,3.9,394
421,Skin Care Product 22,Beauty & Hygiene,Skin Care,Generic,55.89,47.51,15,4.3,349
422,Hair Care Product 1,Beauty & Hygiene,Hair Care,Generic,130.12,91.08,30,4.8,105
423,Hair Care Product 2,Beauty & Hygiene,Hair Care,Generic,116.9,111.05,5,3.4,62
424,Hair Care Product 3,Beauty & Hygiene,Hair Care,Brand E,88.41,61.89,30,4.7,337
425,Hair Care Product 4,Beauty & Hygiene,Hair Care,Brand C,275.99,248.39,10,4.7,163
426,Hair Care Product 5,Beauty & Hygiene,Hair Care,Generic,80.18,68.16,15,3.1,471
427,Hair Care Product 6,Beauty & Hygiene,Hair Care,Brand D,144.46,115.57,20,4.7,204
428,Hair Care Product 7,Beauty & Hygiene,Hair Care,Generic,142.31,142.31,0,3.8,121
429,Hair Care Product 8,Beauty & Hygiene,Hair Care,Brand A,66.45,63.12,5,4.8,205
430,Hair Care Product 9,Beauty & Hygiene,Hair Care,Brand D,304.18,304.18,0,3.2,170
431,Hair Care Product 10,Beauty & Hygiene,Hair Care,Brand E,398.99,379.04,5,3.3,282
432,Hair Care Product 11,Beauty & Hygiene,Hair Care,Brand C,285.98,271.68,5,4.3,430
433,Hair Care Product 12,Beauty & Hygiene,Hair Care,Generic,230.34,207.31,10,4.8,264
434,Hair Care Product 13,Beauty & Hygiene,Hair Care,Brand E,119.86,119.86,0,4.4,129
435,Hair Care Product 14,Beauty & Hygiene,Hair Care,Brand D,437.8,328.35,25,4.2,476
436,Hair Care Product 15,Beauty & Hygiene,Hair Care,Brand D,217.99,217.99,0,4.2,193
437,Hair Care Product 16,Beauty & Hygiene,Hair Care,Brand A,339.8,322.81,5,4.3,161
438,Hair Care Product 17,Beauty & Hygiene,Hair Care,Brand D,61.42,61.42,0,3.8,170
439,Hair Care Product 18,Beauty & Hygiene,Hair Care,Brand C,372.19,316.36,15,3.2,401
440,Hair Care Product 19,Beauty & Hygiene,Hair Care,Brand C,62.19,62.19,0,4.0,380
441,Hair Care Product 20,Beauty & Hygiene,Hair Care,Brand C,153.98,130.89,15,3.1,191
442,Hair Care Product 21,Beauty & Hygiene,Hair Care,Brand B,58.87,58.87,0,4.8,484
443,Oral Care Product 1,Beauty & Hygiene,Oral Care,Brand A,409.96,409.96,0,4.3,378
444,Oral Care Product 2,Beauty & Hygiene,Oral Care,Generic,343.74,343.74,0,4.1,60
445,Oral Care Product 3,Beauty & Hygiene,Oral Care,Brand A,94.75,94.75,0,4.5,174
446,Oral Care Product 4,Beauty & Hygiene,Oral Care,Brand B,375.02,300.02,20,4.5,155
447,Oral Care Product 5,Beauty & Hygiene,Oral Care,Brand A,423.6,402.42,5,4.6,333
448,Oral Care Product 6,Beauty & Hygiene,Oral Care,Brand B,350.64,350.64,0,4.1,466
449,Oral Care Product 7,Beauty & Hygiene,Oral Care,Brand B,181.92,145.53,20,3.6,125
450,Oral Care Product 8,Beauty & Hygiene,Oral Care,Brand E,55.85,55.85,0,3.0,489
451,Oral Care Product 9,Beauty & Hygiene,Oral Care,Brand B,143.55,143.55,0,4.9,326
452,Oral Care Product 10,Beauty & Hygiene,Oral Care,Brand C,131.65,118.48,10,4.5,106
453,Oral Care Product 11,Beauty & Hygiene,Oral Care,Generic,239.64,191.71,20,4.6,117
454,Oral Care Product 12,Beauty & Hygiene,Oral Care,Brand A,417.85,396.96,5,3.7,453
455,Oral Care Product 13,Beauty & Hygiene,Oral Care,Brand B,166.74,158.4,5,4.1,58
456,Oral Care Product 14,Beauty & Hygiene,Oral Care,Brand B,315.63,315.63,0,3.5,114
457,Oral Care Product 15,Beauty & Hygiene,Oral Care,Generic,330.87,314.32,5,3.8,108
458,Oral Care Product 16,Beauty & Hygiene,Oral Care,Generic,298.42,283.5,5,3.1,279
459,Oral Care Product 17,Beauty & Hygiene,Oral Care,Brand C,182.51,136.88,25,4.0,105
460,Oral Care Product 18,Beauty & Hygiene,Oral Care,Brand D,393.62,393.62,0,4.0,364
461,Oral Care Product 19,Beauty & Hygiene,Oral Care,Brand A,440.81,418.77,5,4.4,493
462,Oral Care Product 20,Beauty & Hygiene,Oral Care,Generic,452.55,384.67,15,4.0,284
463,Oral Care Product 21,Beauty & Hygiene,Oral Care,Generic,241.35,241.35,0,4.8,81
464,Oral Care Product 22,Beauty & Hygiene,Oral Care,Brand D,170.9,153.81,10,4.6,268
465,Bath & Hand Wash Product 1,Beauty & Hygiene,Bath & Hand Wash,Brand A,335.07,335.07,0,3.9,277
466,Bath & Hand Wash Product 2,Beauty & Hygiene,Bath & Hand Wash,Brand A,112.71,90.17,20,4.7,214
467,Bath & Hand Wash Product 3,Beauty & Hygiene,Bath & Hand Wash,Brand E,492.98,443.68,10,3.3,114
468,Bath & Hand Wash Product 4,Beauty & Hygiene,Bath & Hand Wash,Brand C,127.26,127.26,0,4.2,349
469,Bath & Hand Wash Product 5,Beauty & Hygiene,Bath & Hand Wash,Brand E,58.28,43.71,25,4.4,245
470,Bath & Hand Wash Product 6,Beauty & Hygiene,Bath & Hand Wash,Brand E,102.99,92.69,10,4.0,282
471,Bath & Hand Wash Product 7,Beauty & Hygiene,Bath & Hand Wash,Brand E,173.32,155.99,10,4.2,100
472,Bath & Hand Wash Product 8,Beauty & Hygiene,Bath & Hand Wash,Generic,343.14,274.51,20,3.2,385
473,Bath & Hand Wash Product 9,Beauty & Hygiene,Bath & Hand Wash,Generic,142.89,142.89,0,4.7,332
474,Bath & Hand Wash Product 10,Beauty & Hygiene,Bath & Hand Wash,Generic,111.6,83.7,25,4.6,270
475,Bath & Hand Wash Product 11,Beauty & Hygiene,Bath & Hand Wash,Brand D,443.25,398.93,10,4.7,261
476,Bath & Hand Wash Product 12,Beauty & Hygiene,Bath & Hand Wash,Brand C,320.23,272.2,15,4.6,254
477,Bath & Hand Wash Product 13,Beauty & Hygiene,Bath & Hand Wash,Brand D,128.92,96.69,25,4.4,210
478,Bath & Hand Wash Product 14,Beauty & Hygiene,Bath & Hand Wash,Brand D,238.45,226.52,5,3.6,180
479,Bath & Hand Wash Product 15,Beauty & Hygiene,Bath & Hand Wash,Brand C,283.51,283.51,0,4.8,401
480,Bath & Hand Wash Product 16,Beauty & Hygiene,Bath & Hand Wash,Brand D,124.83,106.1,15,3.1,475
481,Bath & Hand Wash Product 17,Beauty & Hygiene,Bath & Hand Wash,Brand A,87.26,78.53,10,3.2,99
482,Bath & Hand Wash Product 18,Beauty & Hygiene,Bath & Hand Wash,Generic,160.41,152.39,5,4.4,465
483,Bath & Hand Wash Product 19,Beauty & Hygiene,Bath & Hand Wash,Brand B,179.91,170.92,5,4.1,350
484,Bath & Hand Wash Product 20,Beauty & Hygiene,Bath & Hand Wash,Brand E,373.57,373.57,0,4.1,393
485,Bath & Hand Wash Product 21,Beauty & Hygiene,Bath & Hand Wash,Brand A,304.88,289.64,5,3.8,497
486,Bath & Hand Wash Product 22,Beauty & Hygiene,Bath & Hand Wash,Generic,348.65,261.49,25,4.8,266
487,Bath & Hand Wash Product 23,Beauty & Hygiene,Bath & Hand Wash,Generic,379.66,379.66,0,3.1,197
488,Bath & Hand Wash Product 24,Beauty & Hygiene,Bath & Hand Wash,Brand E,64.03,64.03,0,3.6,103
489,Bath & Hand Wash Product 25,Beauty & Hygiene,Bath & Hand Wash,Brand E,317.79,317.79,0,4.0,129
490,Detergents Product 1,Cleaning & Household,Detergents,Brand D,273.36,246.03,10,3.4,105
491,Detergents Product 2,Cleaning & Household,Detergents,Brand C,200.41,170.35,15,4.6,238
492,Detergents Product 3,Cleaning & Household,Detergents,Brand A,97.97,97.97,0,4.4,343
493,Detergents Product 4,Cleaning & Household,Detergents,Brand B,377.68,358.8,5,4.5,482
494,Detergents Product 5,Cleaning & Household,Detergents,Brand E,359.78,341.79,5,4.9,469
495,Detergents Product 6,Cleaning & Household,Detergents,Brand E,160.88,128.7,20,4.2,379
496,Detergents Product 7,Cleaning & Household,Detergents,Brand E,409.74,348.28,15,3.0,386
497,Detergents Product 8,Cleaning & Household,Detergents,Generic,172.47,155.22,10,3.5,142
498,Detergents Product 9,Cleaning & Household,Detergents,Brand C,212.44,212.44,0,4.3,208
499,Detergents Product 10,Cleaning & Household,Detergents,Brand C,462.79,462.79,0,3.7,142
500,Detergents Product 11,Cleaning & Household,Detergents,Brand B,477.61,453.73,5,4.1,255
501,Detergents Product 12,Cleaning & Household,Detergents,Brand A,133.31,119.98,10,3.3,374
502,Detergents Product 13,Cleaning & Household,Detergents,Brand A,442.83,376.4,15,3.2,321
503,Detergents Product 14,Cleaning & Household,Detergents,Brand B,412.95,351.01,15,3.7,282
504,Detergents Product 15,Cleaning & Household,Detergents,Brand C,361.52,289.22,20,3.3,209
505,Detergents Product 16,Cleaning & Household,Detergents,Generic,162.35,154.23,5,3.6,340
506,Detergents Product 17,Cleaning & Household,Detergents,Brand E,149.54,104.68,30,3.2,76
507,Detergents Product 18,Cleaning & Household,Detergents,Brand B,474.83,474.83,0,3.3,366
508,Detergents Product 19,Cleaning & Household,Detergents,Brand A,367.51,275.63,25,4.3,189
509,Detergents Product 20,Cleaning & Household,Detergents,Brand D,131.26,118.13,10,4.3,298
510,Detergents Product 21,Cleaning & Household,Detergents,Brand E,461.97,461.97,0,3.8,189
511,Detergents Product 22,Cleaning & Household,Detergents,Brand B,363.84,363.84,0,4.4,108
512,Detergents Product 23,Cleaning & Household,Detergents,Brand C,465.98,326.18,30,3.8,195
513,Detergents Product 24,Cleaning & Household,Detergents,Generic,474.92,451.17,5,4.3,299
514,Detergents Product 25,Cleaning & Household,Detergents,Brand E,437.92,350.34,20,4.3,73
515,Dishwash Product 1,Cleaning & Household,Dishwash,Brand D,193.6,154.88,20,4.9,78
516,Dishwash Product 2,Cleaning & Household,Dishwash,Brand A,66.65,59.99,10,3.4,158
517,Dishwash Product 3,Cleaning & Household,Dishwash,Brand B,153.5,153.5,0,4.5,198
518,Dishwash Product 4,Cleaning & Household,Dishwash,Brand C,84.63,71.93,15,3.2,304
519,Dishwash Product 5,Cleaning & Household,Dishwash,Generic,202.94,172.5,15,3.8,116
520,Dishwash Product 6,Cleaning & Household,Dishwash,Brand D,79.41,75.44,5,4.0,167
521,Dishwash Product 7,Cleaning & Household,Dishwash,Brand E,292.77,248.86,15,4.1,392
522,Dishwash Product 8,Cleaning & Household,Dishwash,Brand C,193.44,174.09,10,3.1,491
523,Dishwash Product 9,Cleaning & Household,Dishwash,Generic,448.69,403.82,10,3.1,59
524,Dishwash Product 10,Cleaning & Household,Dishwash,Brand D,154.83,154.83,0,4.8,491
525,Dishwash Product 11,Cleaning & Household,Dishwash,Brand C,441.54,441.54,0,4.1,343
526,Dishwash Product 12,Cleaning & Household,Dishwash,Brand D,443.62,399.25,10,4.3,263
527,Dishwash Product 13,Cleaning & Household,Dishwash,Brand C,472.58,401.69,15,3.2,60
528,Dishwash Product 14,Cleaning & Household,Dishwash,Brand C,499.07,474.12,5,3.3,366
529,Dishwash Product 15,Cleaning & Household,Dishwash,Brand D,395.23,375.47,5,4.6,235
530,Dishwash Product 16,Cleaning & Household,Dishwash,Brand A,265.94,239.35,10,3.8,104
531,Dishwash Product 17,Cleaning & Household,Dishwash,Brand B,443.15,310.21,30,3.8,255
532,Dishwash Product 18,Cleaning & Household,Dishwash,Brand E,395.72,375.94,5,3.1,495
533,Floor & Glass Cleaners Product 1,Cleaning & Household,Floor & Glass Cleaners,Generic,239.61,203.67,15,3.6,220
534,Floor & Glass Cleaners Product 2,Cleaning & Household,Floor & Glass Cleaners,Brand B,157.45,157.45,0,3.1,374
535,Floor & Glass Cleaners Product 3,Cleaning & Household,Floor & Glass Cleaners,Brand A,209.58,209.58,0,4.0,149
536,Floor & Glass Cleaners Product 4,Cleaning & Household,Floor & Glass Cleaners,Brand C,183.34,183.34,0,3.7,469
537,Floor & Glass Cleaners Product 5,Cleaning & Household,Floor & Glass Cleaners,Generic,68.94,68.94,0,4.5,170
538,Floor & Glass Cleaners Product 6,Cleaning & Household,Floor & Glass Cleaners,Brand A,494.48,469.75,5,3.3,151
539,Floor & Glass Cleaners Product 7,Cleaning & Household,Floor & Glass Cleaners,Brand B,222.95,189.5,15,4.1,439
540,Floor & Glass Cleaners Product 8,Cleaning & Household,Floor & Glass Cleaners,Generic,148.21,111.16,25,3.1,445
541,Floor & Glass Cleaners Product 9,Cleaning & Household,Floor & Glass Cleaners,Generic,403.86,403.86,0,3.9,436
542,Floor & Glass Cleaners Product 10,Cleaning & Household,Floor & Glass Cleaners,Brand E,237.91,190.33,20,4.4,279
543,Floor & Glass Cleaners Product 11,Cleaning & Household,Floor & Glass Cleaners,Generic,475.13,451.37,5,4.8,339
544,Floor & Glass Cleaners Product 12,Cleaning & Household,Floor & Glass Cleaners,Generic,326.04,326.04,0,4.2,369
545,Floor & Glass Cleaners Product 13,Cleaning & Household,Floor & Glass Cleaners,Brand C,496.03,496.03,0,4.6,371
546,Floor & Glass Cleaners Product 14,Cleaning & Household,Floor & Glass Cleaners,Brand C,474.23,426.81,10,3.3,84
547,Floor & Glass Cleaners Product 15,Cleaning & Household,Floor & Glass Cleaners,Brand D,323.48,291.13,10,3.8,205
548,Floor & Glass Cleaners Product 16,Cleaning & Household,Floor & Glass Cleaners,Brand C,153.8,153.8,0,4.1,230
549,Floor & Glass Cleaners Product 17,Cleaning & Household,Floor & Glass Cleaners,Brand E,149.22,149.22,0,3.1,286
550,Floor & Glass Cleaners Product 18,Cleaning & Household,Floor & Glass Cleaners,Brand D,400.81,380.77,5,3.1,238
551,Floor & Glass Cleaners Product 19,Cleaning & Household,Floor & Glass Cleaners,Brand C,76.03,53.22,30,3.1,492
552,Fresheners Product 1,Cleaning & Household,Fresheners,Brand E,447.7,335.78,25,4.1,246
553,Fresheners Product 2,Cleaning & Household,Fresheners,Brand D,497.71,497.71,0,4.1,455
554,Fresheners Product 3,Cleaning & Household,Fresheners,Generic,228.31,194.06,15,4.7,280
555,Fresheners Product 4,Cleaning & Household,Fresheners,Brand E,363.21,363.21,0,4.2,214
556,Fresheners Product 5,Cleaning & Household,Fresheners,Brand E,417.12,417.12,0,3.9,127
557,Fresheners Product 6,Cleaning & Household,Fresheners,Brand A,150.72,135.65,10,3.9,465
558,Fresheners Product 7,Cleaning & Household,Fresheners,Brand C,316.82,285.14,10,4.9,93
559,Fresheners Product 8,Cleaning & Household,Fresheners,Brand E,91.17,72.94,20,4.2,70
560,Fresheners Product 9,Cleaning & Household,Fresheners,Brand B,169.52,169.52,0,4.3,274
561,Fresheners Product 10,Cleaning & Household,Fresheners,Brand E,449.94,314.96,30,4.0,131
562,Fresheners Product 11,Cleaning & Household,Fresheners,Brand C,437.96,350.37,20,3.7,194
563,Fresheners Product 12,Cleaning & Household,Fresheners,Brand D,344.86,310.37,10,3.8,223
564,Fresheners Product 13,Cleaning & Household,Fresheners,Generic,89.14,84.69,5,4.1,454
565,Fresheners Product 14,Cleaning & Household,Fresheners,Generic,217.71,217.71,0,4.2,83
566,Fresheners Product 15,Cleaning & Household,Fresheners,Brand C,375.54,356.76,5,3.2,397
567,Fresheners Product 16,Cleaning & Household,Fresheners,Brand D,86.47,86.47,0,3.5,420
568,Kitchen Tools Product 1,"Kitchen, Garden & Pets",Kitchen Tools,Brand E,214.48,214.48,0,4.7,220
569,Kitchen Tools Product 2,"Kitchen, Garden & Pets",Kitchen Tools,Brand A,259.83,246.83,5,4.1,122
570,Kitchen Tools Product 3,"Kitchen, Garden & Pets",Kitchen Tools,Brand C,159.76,143.78,10,3.6,385
571,Kitchen Tools Product 4,"Kitchen, Garden & Pets",Kitchen Tools,Generic,252.66,240.03,5,4.3,116
572,Kitchen Tools Product 5,"Kitchen, Garden & Pets",Kitchen Tools,Brand E,213.06,191.76,10,4.3,93
573,Kitchen Tools Product 6,"Kitchen, Garden & Pets",Kitchen Tools,Brand C,102.1,81.68,20,4.1,379
574,Kitchen Tools Product 7,"Kitchen, Garden & Pets",Kitchen Tools,Brand C,245.31,208.51,15,4.5,393
575,Kitchen Tools Product 8,"Kitchen, Garden & Pets",Kitchen Tools,Generic,259.66,207.73,20,4.6,428
576,Kitchen Tools Product 9,"Kitchen, Garden & Pets",Kitchen Tools,Generic,221.26,177.01,20,4.7,97
577,Kitchen Tools Product 10,"Kitchen, Garden & Pets",Kitchen Tools,Generic,218.32,185.57,15,4.3,310
578,Kitchen Tools Product 11,"Kitchen, Garden & Pets",Kitchen Tools,Brand C,197.03,167.47,15,3.0,208
579,Kitchen Tools Product 12,"Kitchen, Garden & Pets",Kitchen Tools,Brand B,72.82,58.26,20,4.8,224
580,Kitchen Tools Product 13,"Kitchen, Garden & Pets",Kitchen Tools,Brand D,265.4,265.4,0,3.4,120
581,Kitchen Tools Product 14,"Kitchen, Garden & Pets",Kitchen Tools,Brand B,252.97,252.97,0,3.1,482
582,Kitchen Tools Product 15,"Kitchen, Garden & Pets",Kitchen Tools,Brand A,120.48,102.41,15,4.0,326
583,Kitchen Tools Product 16,"Kitchen, Garden & Pets",Kitchen Tools,Generic,73.41,58.72,20,4.7,69
584,Kitchen Tools Product 17,"Kitchen, Garden & Pets",Kitchen Tools,Generic,254.68,229.21,10,3.6,442
585,Kitchen Tools Product 18,"Kitchen, Garden & Pets",Kitchen Tools,Brand E,31.72,31.72,0,3.2,242
586,Kitchen Tools Product 19,"Kitchen, Garden & Pets",Kitchen Tools,Brand B,196.57,137.6,30,3.3,475
587,Kitchen Tools Product 20,"Kitchen, Garden & Pets",Kitchen Tools,Generic,200.59,200.59,0,4.5,464
588,Kitchen Tools Product 21,"Kitchen, Garden & Pets",Kitchen Tools,Brand B,201.18,181.06,10,4.4,72
589,Kitchen Tools Product 22,"Kitchen, Garden & Pets",Kitchen Tools,Brand D,240.56,240.56,0,3.7,418
590,Kitchen Tools Product 23,"Kitchen, Garden & Pets",Kitchen Tools,Brand B,235.48,211.93,10,4.8,362
591,Kitchen Tools Product 24,"Kitchen, Garden & Pets",Kitchen Tools,Brand C,290.01,275.51,5,4.4,451
592,Kitchen Tools Product 25,"Kitchen, Garden & Pets",Kitchen Tools,Brand D,200.81,150.61,25,3.4,172
593,Storage Product 1,"Kitchen, Garden & Pets",Storage,Brand D,57.68,43.26,25,4.7,149
594,Storage Product 2,"Kitchen, Garden & Pets",Storage,Brand C,215.73,215.73,0,4.3,342
595,Storage Product 3,"Kitchen, Garden & Pets",Storage,Brand D,111.26,94.57,15,3.9,194
596,Storage Product 4,"Kitchen, Garden & Pets",Storage,Brand D,48.18,43.37,10,4.0,264
597,Storage Product 5,"Kitchen, Garden & Pets",Storage,Brand B,123.39,111.05,10,4.6,460
598,Storage Product 6,"Kitchen, Garden & Pets",Storage,Brand E,42.35,33.88,20,3.3,178
599,Storage Product 7,"Kitchen, Garden & Pets",Storage,Brand A,292.84,204.99,30,4.2,497
600,Storage Product 8,"Kitchen, Garden & Pets",Storage,Brand C,232.41,232.41,0,4.1,102
601,Storage Product 9,"Kitchen, Garden & Pets",Storage,Generic,234.73,234.73,0,4.6,485
602,Storage Product 10,"Kitchen, Garden & Pets",Storage,Brand A,35.97,34.17,5,3.5,440
603,Storage Product 11,"Kitchen, Garden & Pets",Storage,Brand B,161.93,137.64,15,3.5,312
604,Storage Product 12,"Kitchen, Garden & Pets",Storage,Brand B,214.49,203.77,5,4.6,96
605,Storage Product 13,"Kitchen, Garden & Pets",Storage,Brand B,103.88,72.72,30,4.6,228
606,Storage Product 14,"Kitchen, Garden & Pets",Storage,Brand A,145.07,137.82,5,3.8,252
607,Storage Product 15,"Kitchen, Garden & Pets",Storage,Brand E,74.18,63.05,15,3.7,247
608,Storage Product 16,"Kitchen, Garden & Pets",Storage,Brand A,217.29,217.29,0,3.7,64
609,Storage Product 17,"Kitchen, Garden & Pets",Storage,Brand C,52.24,44.41,15,4.8,479
610,Storage Product 18,"Kitchen, Garden & Pets",Storage,Generic,206.72,206.72,0,4.2,455
611,Storage Product 19,"Kitchen, Garden & Pets",Storage,Brand B,286.73,286.73,0,3.3,196
612,Pet Food Product 1,"Kitchen, Garden & Pets",Pet Food,Generic,146.73,110.05,25,4.6,438
613,Pet Food Product 2,"Kitchen, Garden & Pets",Pet Food,Generic,143.33,128.99,10,3.9,365
614,Pet Food Product 3,"Kitchen, Garden & Pets",Pet Food,Brand A,137.35,137.35,0,4.7,59
615,Pet Food Product 4,"Kitchen, Garden & Pets",Pet Food,Brand C,295.67,280.89,5,3.4,126
616,Pet Food Product 5,"Kitchen, Garden & Pets",Pet Food,Brand E,271.41,271.41,0,4.8,361
617,Pet Food Product 6,"Kitchen, Garden & Pets",Pet Food,Brand E,87.54,87.54,0,3.8,447
618,Pet Food Product 7,"Kitchen, Garden & Pets",Pet Food,Brand C,205.95,195.65,5,3.5,112
619,Pet Food Product 8,"Kitchen, Garden & Pets",Pet Food,Brand A,263.38,250.21,5,3.5,377
620,Pet Food Product 9,"Kitchen, Garden & Pets",Pet Food,Brand E,291.41,291.41,0,3.9,106
621,Pet Food Product 10,"Kitchen, Garden & Pets",Pet Food,Brand D,264.53,224.85,15,4.1,58
622,Pet Food Product 11,"Kitchen, Garden & Pets",Pet Food,Generic,238.15,190.52,20,4.0,173
623,Pet Food Product 12,"Kitchen, Garden & Pets",Pet Food,Generic,235.48,211.93,10,3.3,269
624,Pet Food Product 13,"Kitchen, Garden & Pets",Pet Food,Brand A,65.44,65.44,0,4.2,173
625,Pet Food Product 14,"Kitchen, Garden & Pets",Pet Food,Brand E,278.63,250.77,10,3.8,390
626,Pet Food Product 15,"Kitchen, Garden & Pets",Pet Food,Generic,245.07,232.81,5,3.2,234
627,Pet Food Product 16,"Kitchen, Garden & Pets",Pet Food,Brand A,61.67,61.67,0,4.8,328
628,Pet Food Product 17,"Kitchen, Garden & Pets",Pet Food,Brand E,215.1,204.35,5,4.5,309
629,Pet Food Product 18,"Kitchen, Garden & Pets",Pet Food,Brand E,84.14,79.93,5,3.0,497
630,Pet Food Product 19,"Kitchen, Garden & Pets",Pet Food,Brand D,47.34,42.6,10,3.1,248
631,Pet Food Product 20,"Kitchen, Garden & Pets",Pet Food,Brand C,102.63,87.23,15,3.5,58
632,Pet Food Product 21,"Kitchen, Garden & Pets",Pet Food,Brand C,113.8,108.11,5,4.5,226
633,Pet Food Product 22,"Kitchen, Garden & Pets",Pet Food,Brand B,33.14,33.14,0,4.4,371
634,Gardening Product 1,"Kitchen, Garden & Pets",Gardening,Brand E,135.97,129.17,5,4.4,220
635,Gardening Product 2,"Kitchen, Garden & Pets",Gardening,Brand B,192.01,192.01,0,3.1,329
636,Gardening Product 3,"Kitchen, Garden & Pets",Gardening,Brand C,217.65,174.12,20,4.5,139
637,Gardening Product 4,"Kitchen, Garden & Pets",Gardening,Generic,240.56,240.56,0,3.9,406
638,Gardening Product 5,"Kitchen, Garden & Pets",Gardening,Brand D,159.74,159.74,0,4.2,465
639,Gardening Product 6,"Kitchen, Garden & Pets",Gardening,Brand B,95.35,66.75,30,3.1,447
640,Gardening Product 7,"Kitchen, Garden & Pets",Gardening,Brand D,68.47,65.05,5,3.1,153
641,Gardening Product 8,"Kitchen, Garden & Pets",Gardening,Brand A,196.9,167.37,15,4.5,71
642,Gardening Product 9,"Kitchen, Garden & Pets",Gardening,Brand C,181.11,181.11,0,4.8,313
643,Gardening Product 10,"Kitchen, Garden & Pets",Gardening,Brand D,118.14,106.33,10,4.9,328
644,Gardening Product 11,"Kitchen, Garden & Pets",Gardening,Brand D,53.72,51.04,5,3.5,435
645,Gardening Product 12,"Kitchen, Garden & Pets",Gardening,Generic,38.96,38.96,0,3.4,232
646,Gardening Product 13,"Kitchen, Garden & Pets",Gardening,Brand A,137.17,137.17,0,4.6,219
647,Gardening Product 14,"Kitchen, Garden & Pets",Gardening,Brand C,183.24,155.75,15,3.2,238
648,Gardening Product 15,"Kitchen, Garden & Pets",Gardening,Brand D,246.16,246.16,0,4.7,430
649,Gardening Product 16,"Kitchen, Garden & Pets",Gardening,Brand D,75.22,75.22,0,4.7,247
